chain_id,first_edition,last_edition,titles_by_edition,modern_title,accounts,continuity,actuals_k,proposed_decision,reason,program_account,program_org,successor_code,keys_sha256,decision,note
3446D15400|2035A|,2017,2023,"2017: Hi Mob Multi-Purp Whld Veh (HMMWV); 2018: Ambulance, 4 LITTER, 5/4 TON, 4x4; 2019: Ambulance, 4 LITTER, 5/4 TON, 4x4; 2020: Ambulance, 4 LITTER, 5/4 TON, 4x4; 2021: HI MOB MULTI-PURP WHLD VEH (HMMWV); 2022: HI MOB MULTI-PURP WHLD VEH (HMMWV); 2023: HI MOB MULTI-PURP WHLD VEH (HMMWV)",HI MOB MULTI-PURP WHLD VEH (HMMWV),era=2035A; modern=2035A,6/7,632911,same_program,"A1+R1: renamed, continuity 6/7 holds (title Jaccard 0.00)",,,,f544d01fd3d48287a198dc8a8028a409cfdaf5f6bd1cd71eb1359028896b864b,,
GPS03C|3022F|,2021,2023,2021: GPSIII Follow On; 2022: GPSIII Follow On; 2023: GPSIII Follow On,3022F: GPSIII Follow On,era=3022F; modern=3022F,3/3,597796,same_program,R3+A1: the code's own account (3022F); also printed by no other account,,,,6669537584de784f6dfdae59331ce341da500ec00e9b2d6c07d2c3e269cda697,,
SPRNGE|3021F|,2017,2022,2017: Spacelift Range System Space; 2018: Spacelift Range System Space; 2019: Spacelift Range System Space; 2020: Spacelift Range System Space; 2021: Spacelift Range System Space; 2022: Spacelift Range System Space,3022F: Spacelift Range System Space,era=3021F; modern=3022F,5/5,571573,same_program,R2: account/organization move (modern accounts 3022F),,,,c8db14ffa3e3c468df858bca6f5b70f05eed0aac45eec3ed0ac4c44e200d63c2,,
MD34|0300D|,2017,2023,2017: David's Sling; 2018: David's Sling; 2019: Short Range Ballistic Missile Defense (SRBMD); 2020: Short Range Ballistic Missile Defense (SRBMD); 2021: Short Range Ballistic Missile Defense (SRBMD); 2022: Short Range Ballistic Missile Defense (SRBMD); 2023: Short Range Ballistic Missile Defense (SRBMD),Short Range Ballistic Missile Defense (SRBMD),era=0300D; modern=0300D,5/7,570000,same_program,"A1+R1: renamed, continuity 5/7 holds (title Jaccard 0.00)",,,,eb95855bcf319ed07332ccf45688dc5df509e029330f01b8a838b55d2dc640d8,,
4625|1109N|,2017,2023,2017: Next Generation Enterprise Network (NGEN); 2018: Next Generation Enterprise Network (NGEN); 2019: Next Generation Enterprise Network (NGEN); 2020: Next Generation Enterprise Network (NGEN); 2021: Next Generation Enterprise Network (NGEN); 2022: Next Generation Enterprise Network (NGEN); 2023: Marine Corps Enterprise Network (MCEN),Marine Corps Enterprise Network (MCEN),era=1109N; modern=1109N,7/7,552265,same_program,"A1+R1: renamed, continuity 7/7 holds (title Jaccard 0.25)",,,,e6bb0dc927c0125242ec46d974aae12f041e03aa39aa0da94281671fa7c5b35a,,
5035|1611N|,2017,2023,"2017: TATS Fleet Ocean Tug; 2018: Towing, Salvage, and Rescue Ship (ATS); 2019: Towing, Salvage, and Rescue Ship (ATS); 2020: Towing, Salvage, and Rescue Ship (ATS); 2021: Towing, Salvage, and Rescue Ship (ATS); 2022: Towing, Salvage, and Rescue Ship (ATS); 2023: Towing, Salvage, and Rescue Ship (ATS)","Towing, Salvage, and Rescue Ship (ATS)",era=1611N; modern=1611N,7/7,539793,same_program,"A1+R1: renamed, continuity 7/7 holds (title Jaccard 0.00)",,,,84824d63d4664e21be9151fbfc21eddef23537adf9559ee10a58dc321b1b5dc5,,
0182|1508N|,2017,2023,2017: Air Expendable Countermeasures; 2018: Air Expendable Countermeasures; 2019: Air Expendable Countermeasures; 2020: Air Expendable Countermeasures; 2021: Air Expendable Countermeasures; 2022: Air Expendable Countermeasures; 2023: Air Expendable Countermeasures,1508N: Air Expendable Countermeasures,era=1508N; modern=1508N,7/7,536133,same_program,R3+A1: the code's own account (1508N); also printed by no other account,,,,2e6d8410c32587f969ebe044e84487d0db455de7e7dfb68861730b472bc696a3,,
842990|3080F|,2017,2023,2017: Items Less Than $5 Million; 2018: Items Less Than $5 Million; 2019: Personal Safety and Rescue Equipment; 2020: Personal Safety and Rescue Equipment; 2021: Personal Safety and Rescue Equipment; 2022: Personal Safety and Rescue Equipment; 2023: Personal Safety and Rescue Equipment,Personal Safety and Rescue Equipment,era=3080F; modern=3080F,7/7,467785,same_program,"A1+R1: renamed, continuity 7/7 holds (title Jaccard 0.00)",,,,b9405285798856eddbdd31ae700a045f7efb9d62e5f0ba92097abee913a40e0c,,
MD26|0300D|,2019,2023,2019: Israeli Programs; 2020: Arrow 3 Upper Tier Systems; 2021: Arrow 3 Upper Tier Systems; 2022: Arrow 3 Upper Tier Systems; 2023: Arrow 3 Upper Tier Systems,Arrow 3 Upper Tier Systems,era=0300D; modern=0300D,4/5,452000,same_program,"A1+R1: renamed, continuity 4/5 holds (title Jaccard 0.00)",,,,39c6c0f4e3689065b35ab0070ca442cc53cbd6672e93b3eb71e47662c063ad61,,
MSSBIR|3020F|,2017,2017,2017: SBIR High (Space),3022F: SBIR High (Space),era=3020F; modern=3022F,0/0,444567,same_program,R2: account/organization move (modern accounts 3022F),,,,66300df8b4ce0182730dbc513f8c7977aef3c39f3c21491e835437a32ab7390e,,
2212|1109N|,2017,2023,2017: High Mobility Artillery Rocket System; 2018: High Mobility Artillery Rocket System; 2019: Artillery Weapons System; 2020: Artillery Weapons System; 2021: Artillery Weapons System; 2022: Artillery Weapons System; 2023: Artillery Weapons System,Artillery Weapons System,era=1109N; modern=1109N,7/7,425359,same_program,"A1+R1: renamed, continuity 7/7 holds (title Jaccard 0.33)",,,,3b2dd139f500b89830de289fc14ffb2198895e215ef6dfc33009ac6c1dc74b74,,
GPSIII|3021F|,2017,2022,2017: GPS III Space Segment; 2018: GPS III Space Segment; 2019: GPS III Space Segment; 2020: GPS III Space Segment; 2021: GPS III Space Segment; 2022: GPS III Space Segment,3022F: GPS III Space Segment,era=3021F; modern=3022F,5/5,420639,same_program,R2: account/organization move (modern accounts 3022F),,,,c9b6cf5308e8392740de3b12600ea5a4c2b7cbfbcaeeb8b91edfdbdb24cada40,,
GPS03C|3021F|,2020,2022,2020: GPSIII Follow On; 2021: GPSIII Follow On; 2022: GPSIII Follow On,3022F: GPSIII Follow On,era=3021F; modern=3022F,2/2,389975,same_program,R2: account/organization move (modern accounts 3022F),,,,9eedb44f97130b76a71c128d07395fc146024e477721a8f13bb7ef46f1b54899,,
0977|1810N|,2017,2023,2017: Underwater EOD Programs; 2018: Underwater EOD Programs; 2019: Underwater EOD Programs; 2020: Underwater EOD Programs; 2021: Underwater EOD Equipment; 2022: Underwater EOD Equipment; 2023: Underwater EOD Equipment,Underwater EOD Equipment,era=1810N; modern=1810N,7/7,389810,same_program,"A1+A2: renamed within A2 (title Jaccard 0.50, continuity 7/7)",,,,cd7948032644f1e8c61ec008450687bba41563df872727826c843ddb09cfb24e,,
V022A0|3010F|,2017,2023,2017: CV-22 (MYP); 2018: CV-22 (MYP); 2019: CV-22 (MYP); 2022: CV-22 Osprey; 2023: CV-22 Osprey,,era=3010F; modern=none,2/3,382720,history_only,H: era-only code whose titles drift — confirm one program (history_only) or split the range (exclude_reused_code),,,,8741e2e0c373095484efe84d74bbcc9073919982fa0c23bf07ff6c706dc80875,,
823990|3080F|,2017,2023,2017: Items Less Than $5 Million; 2018: Special Purpose Vehicles; 2019: Special Purpose Vehicles; 2020: Special Purpose Vehicles; 2021: Special Purpose Vehicles; 2022: Special Purpose Vehicles; 2023: Special Purpose Vehicles,Special Purpose Vehicles,era=3080F; modern=3080F,7/7,367326,same_program,"A1+R1: renamed, continuity 7/7 holds (title Jaccard 0.00)",,,,8e8e2f6c14aae393e02c947f23228adbeb7fe4a2efd6d781b1c22fc2ebba2ebb,,
845990|3080F|,2017,2023,2017: Items Less Than $5 Million; 2018: Items Less Than $5 Million; 2019: Base Maintenance and Support Equipment; 2020: Base Maintenance and Support Equipment; 2021: Base Maintenance and Support Equipment; 2022: Base Maintenance and Support Equipment; 2023: Base Maintenance and Support Equipment,Base Maintenance and Support Equipment,era=3080F; modern=3080F,7/7,342919,same_program,"A1+R1: renamed, continuity 7/7 holds (title Jaccard 0.00)",,,,9dcdcd4e5e32d553f7c82e072edaa6c9072aa7449a42a24d683fb2e02ce8babb,,
014005|0350D|,2017,2023,2017: Miscellaneous Equipment; 2018: Miscellaneous Equipment; 2019: Miscellaneous Equipment; 2020: Miscellaneous Equipment; 2021: Miscellaneous Equipment; 2022: Miscellaneous Equipment; 2023: Miscellaneous Equipment,Misc Equipment - Navy Reserve,era=0350D; modern=0350D,4/7,335000,,"R1: renamed 'Miscellaneous Equipment' → 'Misc Equipment - Navy Reserve'; no request in any edition (a Congress-added line), so the year-to-year continuity check cannot confirm it — decide same_program if the modern line is the same program",,,,2ebf623f97061cda70e489cc2301a048af35564623662843ace9f5cdf46aaf2d,,
SPCMOD|3021F|,2017,2022,2017: Space Mods; 2018: Space Mods; 2019: Space Mods; 2020: Space Mods; 2021: Space Mods; 2022: Space Mods,3022F: Space Mods,era=3021F; modern=3022F,5/5,316625,same_program,R2: account/organization move (modern accounts 3022F),,,,35955d219e38be8ec5cf66e2b45d23aedfe2d86a390e3733c534c2204ccfc584,,
835060|3080F|,2017,2023,2017: Information Transport Systems; 2018: Base Information Transpt Infrast (BITI) Wired; 2019: Base Information Transpt Infrast (BITI) Wired; 2020: Base Information Transpt Infrast (BITI) Wired; 2021: Base Information Transpt Infrast (BITI) Wired; 2022: Base Information Transpt Infrast (BITI) Wired; 2023: Base Information Transpt Infrast (BITI) Wired,Base Information Transpt Infrast (BITI) Wired,era=3080F; modern=3080F,7/7,315091,same_program,"A1+R1: renamed, continuity 7/7 holds (title Jaccard 0.12)",,,,ed52c9108b1df0eec091ec6b597a8f2f762fdf4454a7fd8358d37b7c40690181,,
GPSIII|3020F|,2017,2017,2017: GPS III Space Segment,3022F: GPS III Space Segment,era=3020F; modern=3022F,0/0,312326,same_program,R2: account/organization move (modern accounts 3022F),,,,bc56d7af992a363698b52e59db1fee6e47b802b60bd3911e1bf725d6a220dcb8,,
354040|3011F|,2018,2023,2018: B61; 2019: B61; 2020: B61; 2021: B61; 2022: B-61; 2023: B-61,B-61,era=3011F; modern=3011F,6/6,304092,same_program,"A1+R1: renamed, continuity 6/6 holds (title Jaccard 0.00)",,,,e7710345e1b5d7d313a31a0bccdd386089d71df1f674c16ea08a84f8b4415329,,
000999|3020F|,2017,2023,2017: Initial Spares/Repair Parts; 2018: Initial Spares/Repair Parts; 2019: Replen Spares/Repair Parts; 2021: Replen Spares/Repair Parts; 2022: Initial Spares/Repair Parts; 2023: Initial Spares/Repair Parts,3010F: Initial Spares/Repair Parts; 3020F: Initial Spares/Repair Parts,"era=3020F; modern=3010F,3020F",4/5,290369,same_program,R3: the code's own account (3020F); also printed by 3010F,,,,e8de8364384f8eaaf3031c32a007c5b49e12a43f894bb39920c2bd9e240fbe63,,
2072GA0400|2033A|,2017,2023,"2017: Howitzer, Med Sp Ft 155mm M109a6 (MOD); 2018: M109 FOV Modifications; 2019: M109 FOV Modifications; 2020: M109 FOV Modifications; 2021: M109 FOV Modifications; 2022: M109 FOV Modifications; 2023: M109 FOV Modifications",M109 FOV Modifications,era=2033A; modern=2033A,6/7,288474,same_program,"A1+R1: renamed, continuity 6/7 holds (title Jaccard 0.00)",,,,bc1135863f895ff17d43ec470e995cc28aad31649850184b3c9cd3e88aa48415,,
FBLOST|3021F|,2017,2022,2017: Family of Beyond Line-of-Sight Terminals; 2018: Family of Beyond Line-of-Sight Terminals; 2019: Family of Beyond Line-of-Sight Terminals; 2020: Family of Beyond Line-of-Sight Terminals; 2021: Family of Beyond Line-of-Sight Terminals; 2022: Family of Beyond Line-of-Sight Terminals,3022F: Family of Beyond Line-of-Sight Terminals,era=3021F; modern=3022F,5/5,288420,same_program,R2: account/organization move (modern accounts 3022F),,,,942b973842a70717bb7c1448aa53070513dbac858223c4a36d8670ef0b1c762d,,
B002B0|3010F|,2017,2023,2017: B-2a; 2018: B-2a; 2019: B-2B; 2020: B-2B; 2021: B-2B; 2022: B-2B; 2023: B-2B,B-2B,era=3010F; modern=3010F,7/7,275582,same_program,"A1+R1: renamed, continuity 7/7 holds (title Jaccard 0.33)",,,,bf93d47a0c2935e7881117cf387477dea7ebf06636727905c0e33236bae32798,,
9164BU8100|2035A|,2017,2023,"2017: Radio, Improved HF (COTS) Family; 2019: COTS Communications Equipment; 2020: COTS Communications Equipment; 2021: COTS Communications Equipment; 2022: COTS Communications Equipment; 2023: COTS Communications Equipment",COTS Communications Equipment,era=2035A; modern=2035A,5/5,271449,same_program,"A1+R1: renamed, continuity 5/5 holds (title Jaccard 0.14)",,,,532a1fa18c5c4ca25ae6173be4230eb47f2a490d31ff91709dc92b5eb7b59965,,
AFSCOM|3021F|,2017,2022,2017: AF Satellite Comm System; 2018: AF Satellite Comm System; 2019: AF Satellite Comm System; 2020: AF Satellite Comm System; 2021: AF Satellite Comm System; 2022: AF Satellite Comm System,3022F: AF Satellite Comm System,era=3021F; modern=3022F,5/5,265376,same_program,R2: account/organization move (modern accounts 3022F),,,,44b2f36a5de11cf85a0c20470f8822d5fe86e4d8507bcef5106aa71cc22ebad4,,
3011|1109N|,2017,2023,2017: Javelin; 2018: Javelin; 2019: Anti-Armor Missile-Javelin; 2020: Anti-Armor Missile-Javelin; 2021: Anti-Armor Missile-Javelin; 2022: Anti-Armor Missile-Javelin; 2023: Anti-Armor Missile-Javelin,Anti-Armor Missile-Javelin,era=1109N; modern=1109N,6/7,236782,same_program,"A1+R1: renamed, continuity 6/7 holds (title Jaccard 0.25)",,,,fdd0ee86d60a8c6f5a91e8e69f34bd566d9432d9c8b219481ea2bca8ec478874,,
822990|3080F|,2017,2023,2017: Items Less Than $5 Million; 2018: Cargo and Utility Vehicles; 2019: Cargo and Utility Vehicles; 2020: Cargo and Utility Vehicles; 2021: Cargo and Utility Vehicles; 2022: Cargo and Utility Vehicles; 2023: Cargo and Utility Vehicles,Cargo and Utility Vehicles,era=3080F; modern=3080F,6/7,233489,same_program,"A1+R1: renamed, continuity 6/7 holds (title Jaccard 0.00)",,,,2364764d902964ad7fbaa5ae963cf3ad75a4397771f1e9a31bb65226c436bcbe,,
H0106O|3010F|,2017,2023,2017: UH-1N Replacement | UUH-1N Replacement; 2018: UUH-1N Replacement; 2019: UH-1N Replacement; 2021: UH-1N Replacement; 2022: MH-139A; 2023: MH-139A,MH-139A,era=3010F; modern=3010F,5/5,214809,same_program,"A1+R1: renamed, continuity 5/5 holds (title Jaccard 0.00)",,,,fcc4609eb17be372da5098230b927f2e8dce11b5a43052a619f4c3a4418af34b,,
3017|1109N|,2017,2023,2017: Anti-Armor Weapons System-Heavy (AAWS-H); 2018: Anti-Armor Weapons System-Heavy (AAWS-H); 2019: Anti-Armor Missile-TOW; 2020: Anti-Armor Missile-TOW; 2021: Anti-Armor Missile-TOW; 2022: Anti-Armor Missile-TOW; 2023: Anti-Armor Missile-TOW,Anti-Armor Missile-TOW,era=1109N; modern=1109N,7/7,211902,same_program,"A1+R1: renamed, continuity 7/7 holds (title Jaccard 0.22)",,,,ac218aa8b6af9384d712a76da267421d118e336c00fe0578f7578b8e6d10d0b3,,
6060|1810N|,2017,2023,2017: Items Under $5 Million; 2018: Items Under $5 Million; 2019: Items Under $5 Million; 2020: Items Under $5 Million; 2021: Items less than $5 Million; 2022: Items less than $5 Million; 2023: Items less than $5 Million,Items less than $5 Million,era=1810N; modern=1810N,7/7,203260,same_program,"A1+A2: renamed within A2 (title Jaccard 0.50, continuity 7/7)",,,,fe22f2ba3ea07154c166370880ac18692d8352389fadca4fe565ae2adb9c06b8,,
1610|1810N|,2017,2022,2017: LSD Midlife; 2018: LSD Midlife & Modernization; 2019: LSD Midlife & Modernization; 2020: LSD Midlife & Modernization; 2021: LSD Midlife & Modernization; 2022: LSD Midlife & Modernization,LSD Midlife & Modernization,era=1810N; modern=1810N,4/5,200322,same_program,"A1+A2: renamed within A2 (title Jaccard 0.67, continuity 4/5)",,,,8aa18a3a6a01d3a53c18a0c8aa6667fe52b0594b7c06d5040a328caf53b38155,,
9926BL5287|2035A|,2017,2023,2017: Family Of Persistent Surveillance Capabilitie; 2018: Family Of Persistent Surveillance Capabilitie; 2019: Family of Persistent Surveillance Cap. (MIP); 2020: Family of Persistent Surveillance Cap. (MIP); 2021: Family of Persistent Surveillance Cap. (MIP); 2022: FAMILY OF PERSISTENT SURVEILLANCE CAP.; 2023: FAMILY OF PERSISTENT SURVEILLANCE CAP.,FAMILY OF PERSISTENT SURVEILLANCE CAP.,era=2035A; modern=2035A,7/7,196714,same_program,"A1+A2: renamed within A2 (title Jaccard 0.67, continuity 7/7)",,,,efe7127a93b61cf0553e3bb9fc6117e0d180f444aab8afca1be0934550d89229,,
825990|3080F|,2017,2023,2017: Items Less Than $5 Million; 2018: Materials Handling Vehicles; 2019: Materials Handling Vehicles; 2020: Materials Handling Vehicles; 2021: Materials Handling Vehicles; 2022: Materials Handling Vehicles; 2023: Materials Handling Vehicles,Materials Handling Vehicles,era=3080F; modern=3080F,6/7,180181,same_program,"A1+R1: renamed, continuity 6/7 holds (title Jaccard 0.00)",,,,0af9d92d99e8cbd805637ccec5d0f18e357a358140ac0db10ec336d167f25e98,,
834530|3080F|,2017,2023,2017: Air & Space Operations Ctr-WPN SYS; 2018: Air & Space Operations Ctr-WPN SYS; 2019: Air & Space Operations Center (AOC); 2020: Air & Space Operations Center (AOC); 2021: Air & Space Operations Center (AOC); 2022: Air & Space Operations Center (AOC); 2023: Air & Space Operations Center (AOC),Air & Space Operations Center (AOC),era=3080F; modern=3080F,7/7,163732,same_program,"A1+R1: renamed, continuity 7/7 holds (title Jaccard 0.38)",,,,d0d3b41179a47659a032c72039a1c37b75ba3e2103bb69e0a5a139010c47b04d,,
826210|3080F|,2017,2023,2017: Runway Snow Remov & Cleaning Equip; 2018: Runway Snow Remov & Cleaning Equip; 2019: Runway Snow Remov And Cleaning Equ; 2020: Runway Snow Remov And Cleaning Equ; 2021: Runway Snow Remov And Cleaning Equ; 2022: Runway Snow Remov And Cleaning Equ; 2023: Runway Snow Remov And Cleaning Equ,Runway Snow Remov And Cleaning Equ,era=3080F; modern=3080F,7/7,163271,same_program,"A1+A2: renamed within A2 (title Jaccard 0.57, continuity 7/7)",,,,13e2580a1ce31f156b8a82203f9af7765f13101a285d80322e5261e0ea8aa3c7,,
MSSBIR|3022F|,2021,2023,2021: SBIR High (Space); 2022: SBIR High (Space); 2023: SBIR High (Space),3022F: SBIR High (Space),era=3022F; modern=3022F,3/3,145891,same_program,R3+A1: the code's own account (3022F); also printed by no other account,,,,6382205d4d1c925fd7640b5c5d8b747b5b1980bef5648ee198c6099577270368,,
MILSAT|3021F|,2017,2022,2017: MILSATCOM; 2018: MILSATCOM; 2019: MILSATCOM; 2020: MILSATCOM; 2021: MILSATCOM; 2022: MILSATCOM,3022F: MILSATCOM,era=3021F; modern=3022F,5/5,134854,same_program,R2: account/organization move (modern accounts 3022F),,,,2a940e2389cc6b0ab0373f5ec8be3b49a81e7618aad2cd90826f9cf3a81a4c80,,
833040|3080F|,2017,2023,2017: Theater Air Control Sys Improvements; 2018: Theater Air Control Sys Improvements; 2019: Theater Air Control Sys Improvemen; 2020: Theater Air Control Sys Improvemen; 2021: Theater Air Control Sys Improvemen; 2022: Theater Air Control Sys Improvemen; 2023: Theater Air Control Sys Improvemen,Theater Air Control Sys Improvemen,era=3080F; modern=3080F,6/7,133038,same_program,"A1+A2: renamed within A2 (title Jaccard 0.67, continuity 6/7)",,,,5cc5bbce88839d4d2cc9b40a6daee5c11d63559168237286a93593eeb102b669,,
MC0MSE|3021F|,2017,2022,2017: Spaceborne Equip (Comsec); 2018: Spaceborne Equip (Comsec); 2019: Spaceborne Equip (Comsec); 2020: Spaceborne Equip (Comsec); 2021: Spaceborne Equip (Comsec); 2022: Spaceborne Equip (Comsec),3022F: Spaceborne Equip (Comsec),era=3021F; modern=3022F,5/5,130613,same_program,R2: account/organization move (modern accounts 3022F),,,,be9460dd4c1cbef306dcaa6a599c619a2e72fba437f2d8106291331bb3aeafe1,,
2230|1507N|,2017,2021,2017: JSOW; 2018: JSOW; 2019: JSOW; 2020: JSOW; 2021: JNT Standoff Weapon (JSOW),,era=1507N; modern=none,4/4,130127,history_only,H: era-only code whose titles drift — confirm one program (history_only) or split the range (exclude_reused_code),,,,af9f83e2066bad176ae0b23a2c9be27d9fd8e8d4982ee9d87cfb61780c8a684d,,
CTRSPC|3021F|,2017,2022,2017: Counterspace Systems; 2018: Counterspace Systems; 2019: Counterspace Systems; 2020: Counterspace Systems; 2021: Counterspace Systems; 2022: Counterspace Systems,3022F: Counterspace Systems,era=3021F; modern=3022F,5/5,125520,same_program,R2: account/organization move (modern accounts 3022F),,,,788db0196a39f14da75e48eedc215bd0677976e5bd16b7816b9d75bf59332704,,
015005|0350D|,2017,2023,2017: Miscellaneous Equipment; 2018: Miscellaneous Equipment; 2019: Miscellaneous Equipment; 2020: Miscellaneous Equipment; 2021: Miscellaneous Equipment; 2022: Miscellaneous Equipment; 2023: Miscellaneous Equipment,Misc Equipment - Marine Corps Reserve,era=0350D; modern=0350D,4/6,121000,same_program,"R1: renamed, continuity 4/6 holds (title Jaccard 0.17)",,,,132aa434169069fa3b901f00e51d11009bbc45402acd7ffe519a9174513cc57e,,
4248|1810N|,2017,2023,2017: Airborne Mine Countermeasures; 2018: Airborne Mine Countermeasures; 2019: Airborne Mine Countermeasures; 2020: Legacy Airborne MCM; 2021: Legacy Airborne MCM; 2022: Legacy Airborne MCM; 2023: Legacy Airborne MCM,Airborne MCM,era=1810N; modern=1810N,7/7,118060,same_program,"A1+R1: renamed, continuity 7/7 holds (title Jaccard 0.25)",,,,1f185ae727276c55f361c8d806a2c320b6907777a7ac6b23e70d0bfded561036,,
FBLOST|3010F|,2017,2023,2017: Family of Beyond Line-of-Sight Terminals; 2018: Family of Beyond Line-of-Sight Terminals; 2019: Family of Beyond Line-of-Sight Terminals; 2020: Family of Beyond Line-of-Sight Terminals; 2021: Family of Beyond Line-of-Sight Terminals; 2022: Family of Beyond Line-of-Sight Terminals; 2023: Family of Beyond Line-of-Sight Terminals,3022F: Family of Beyond Line-of-Sight Terminals,era=3010F; modern=3022F,6/6,114335,same_program,R2: account/organization move (modern accounts 3022F),,,,0b134b34278cfe89a30338316c24eb1e7a1ffd3487b813d5ffb6c2e465aff130,,
3016|1109N|,2017,2023,2017: Follow On To SMAW; 2018: Follow On To SMAW; 2019: Family Anti-Armor Weapon Systems (FOAAWS); 2020: Family Anti-Armor Weapon Systems (FOAAWS); 2021: Family Anti-Armor Weapon Systems (FOAAWS); 2022: Family Anti-Armor Weapon Systems (FOAAWS); 2023: Family Anti-Armor Weapon Systems (FOAAWS),Family Anti-Armor Weapon Systems (FOAAWS),era=1109N; modern=1109N,7/7,104183,same_program,"A1+R1: renamed, continuity 7/7 holds (title Jaccard 0.00)",,,,17387a0971def85fb5e9b314a5ccd4add5d1053c49e2906e9fafdf098abb962a,,
1000|1508N|,2017,2019,2017: Small Arms Ammunition; 2018: Small Arms Ammunition; 2019: Small Arms Ammunition,"1810N: Ship Maintenance, Repair and Modernization",era=1508N; modern=1810N,2/2,97485,,"R2: account/organization move, but the code is 'Ship Maintenance, Repair and Modernization' in 1810N; decide same_program only if this line moved there",,,,05f0bf32ccca9dbee3c6f0af7de0201afd614933adf20e48adbed4c600d242cc,,
0250BK5284|2035A|,2017,2023,2017: CI Automation Architecture; 2018: CI Automation Architecture; 2019: CI Automation Architecture (MIP); 2020: CI Automation Architecture (MIP); 2021: CI Automation Architecture (MIP); 2022: CI AUTOMATION ARCHITECTURE-INTEL; 2023: CI AUTOMATION ARCHITECTURE-INTEL,CI AUTOMATION ARCHITECTURE-INTEL,era=2035A; modern=2035A,7/7,95043,same_program,"A1+A2: renamed within A2 (title Jaccard 0.75, continuity 7/7)",,,,f47199597da072859e7436f1a904b983911511af6a05aa0fd88cfd7cabb4cc30,,
2292|1507N|,2019,2023,2019: LCS OTH Missile; 2020: LCS OTH Missile; 2021: LCS OTH Missile; 2022: Naval Strike Missile (NSM); 2023: Naval Strike Missile (NSM),Naval Strike Missile (NSM),"era=1507N; modern=1109N,1507N",5/5,93801,same_program,"A1+R1: renamed, continuity 5/5 holds (title Jaccard 0.17)",1507N,N,,349793cd4525e10a05e15254c9808290b1423b7c11298d5277d5f1ac2dbde27f,,
SPRNGE|3022F|,2021,2023,2021: Spacelift Range System Space; 2022: Spacelift Range System Space; 2023: Spacelift Range System Space,3022F: Spacelift Range System Space,era=3022F; modern=3022F,3/3,90492,same_program,R3+A1: the code's own account (3022F); also printed by no other account,,,,9c15776a5fb8f51d87830cb7d42cf35c7ca3e0c1fb0e7825f63836f9137cce1c,,
9675A00010|2031A|,2017,2023,2017: RQ-11 (RAVEN); 2019: RQ-11 (RAVEN); 2020: RQ-11 (RAVEN); 2021: RQ-11 (RAVEN); 2022: SMALL UNMANNED AIRCRAFT SYSTEM; 2023: SMALL UNMANNED AIRCRAFT SYSTEM,SMALL UNMANNED AIRCRAFT SYSTEM,era=2031A; modern=2031A,5/5,88373,same_program,"A1+R1: renamed, continuity 5/5 holds (title Jaccard 0.00)",,,,8039001c6c5de64c2db22e9f56075a6c8d44b541d1d73cb21569669c264a9a97,,
4757|1109N|,2017,2023,2017: RQ-11 UAV; 2018: Unmanned Air Systems (Intel); 2019: Unmanned Air Systems (Intel); 2020: Unmanned Air Systems (Intel); 2021: Unmanned Air Systems (Intel); 2022: Unmanned Air Systems (Intel); 2023: Unmanned Air Systems (Intel),Unmanned Air Systems (Intel),era=1109N; modern=1109N,6/7,86627,same_program,"A1+R1: renamed, continuity 6/7 holds (title Jaccard 0.00)",,,,9cf597d126fb0f7a4e3cecb27e091ba884848041c84536bfe5a3d6a7096550f4,,
SPCMOD|3022F|,2021,2023,2021: Space Mods; 2022: Space Mods; 2023: Space Mods,3022F: Space Mods,era=3022F; modern=3022F,3/3,76046,same_program,R3+A1: the code's own account (3022F); also printed by no other account,,,,ff4d34c3a55535c2963ccf21b0e148055a0c67b1ec4a4a3c6f8d8c06b5ff5e48,,
DISN|0300D|,2017,2023,2017: Defense Information Systems Network; 2018: Defense Information Systems Network; 2019: Defense Information Systems Network; 2020: Defense Information Systems Network; 2021: Defense Information Systems Network OCO; 2023: Defense Information Systems Network OCO,,era=0300D; modern=none,2/4,67948,history_only,H: era-only code whose titles drift — confirm one program (history_only) or split the range (exclude_reused_code),,,,d576a3227786914355d992322141d18a857120a8cb71195c36a35723da69671d,,
9925BK5275|2035A|,2017,2021,2017: CI HUMINT Auto Reprting and Coll(CHARCS); 2018: CI HUMINT Auto Reprting and Coll(CHARCS); 2019: CI HUMINT Auto Reprting & Coll(CHARCS)(MIP); 2020: CI HUMINT Auto Reprting & Coll(CHARCS)(MIP); 2021: CI HUMINT Auto Reprting & Coll(CHARCS)(MIP),,era=2035A; modern=none,4/4,63166,history_only,H: era-only code whose titles drift — confirm one program (history_only) or split the range (exclude_reused_code),,,,7946fb5c2266c9184d6310d96fc91c326d31e2dc226ef38b935bb3e5a0ce0bc9,,
FBLOST|3022F|,2021,2023,2021: Family of Beyond Line-of-Sight Terminals; 2022: Family of Beyond Line-of-Sight Terminals; 2023: Family of Beyond Line-of-Sight Terminals,3022F: Family of Beyond Line-of-Sight Terminals,era=3022F; modern=3022F,3/3,61190,same_program,R3: the code's own account (3022F); also printed by no other account,,,,9794a593b9783df4e5dab3cebdf8093d541d686ff779c6413451aed763472b9a,,
RSLP00|3021F|,2019,2022,2019: Rocket Systems Launch Program; 2020: Rocket Systems Launch Program; 2021: Rocket Systems Launch Program; 2022: Rocket Systems Launch Program,3022F: Rocket Systems Launch Program,era=3021F; modern=3022F,3/3,59082,same_program,R2: account/organization move (modern accounts 3022F),,,,d4506242db34422400980405dcc12ec1fdded672cf106b6d0d6d0d02123fe9f9,,
AFSCOM|3022F|,2021,2023,2021: AF Satellite Comm System; 2022: AF Satellite Comm System; 2023: AF Satellite Comm System,3022F: AF Satellite Comm System,era=3022F; modern=3022F,3/3,53326,same_program,R3+A1: the code's own account (3022F); also printed by no other account,,,,4682f1dad24cbb5828f513fa8c831325ad422816d243095bb48a210cf65303a2,,
SSPARE|3021F|,2017,2022,2017: Initial Spares/Repair Parts; 2018: Initial Spares/Repair Parts; 2019: Spares and Repair Parts; 2020: Spares and Repair Parts; 2021: Spares and Repair Parts; 2022: Spares and Repair Parts,3022F: Spares and Repair Parts,era=3021F; modern=3022F,4/5,53260,same_program,R2: account/organization move (modern accounts 3022F),,,,7582cfb75ade1d9b21ed56eb2a6e822885b5f029fba33e280689cd4fb0170b28,,
CTRSPC|3022F|,2021,2023,2021: Counterspace Systems; 2022: Counterspace Systems; 2023: Counterspace Systems,3022F: Counterspace Systems,era=3022F; modern=3022F,3/3,49155,same_program,R3+A1: the code's own account (3022F); also printed by no other account,,,,4bd93f88cbfd85d6355952e70d0e3d9d1a4a8809df7b09dce17acc1f2cb440e8,,
RSLP00|3022F|,2021,2023,2021: Rocket Systems Launch Program; 2022: Rocket Systems Launch Program; 2023: Rocket Systems Launch Program,3022F: Rocket Systems Launch Program,era=3022F; modern=3022F,3/3,47741,same_program,R3+A1: the code's own account (3022F); also printed by no other account,,,,aeeff28599c9611557d436aa2cda3f42239f991fcfaf0e4bb01356356315db1f,,
3231|1507N|,2017,2023,2017: Quickstrike Mine; 2018: Quickstrike Mine; 2019: Quickstrike Mine; 2020: Quickstrike Mine; 2021: Maritime Mines; 2022: Maritime Mines; 2023: Maritime Mines,Maritime Mines,era=1507N; modern=1507N,7/7,46041,same_program,"A1+R1: renamed, continuity 7/7 holds (title Jaccard 0.00)",,,,37cf936b31ddc0bfea2308294fc4e6acfb3efa2c933219884d2cf1708677b372,,
GAP000|3020F|,2017,2017,2017: Wideband Gapfiller Satellites(Space),3022F: Wideband Gapfiller Satellites(Space),era=3020F; modern=3022F,0/0,36071,same_program,R2: account/organization move (modern accounts 3022F),,,,7032f9fc8ac0a47e26cfbdd162f22d840c8e14c836e24d1512a0ae64d5dd8a20,,
MC0MSE|3022F|,2021,2023,2021: Spaceborne Equip (Comsec); 2022: Spaceborne Equip (Comsec); 2023: Spaceborne Equip (Comsec),3022F: Spaceborne Equip (Comsec),era=3022F; modern=3022F,3/3,35495,same_program,R3+A1: the code's own account (3022F); also printed by no other account,,,,075dfd99ecceab473a7663e83ccead9f2f4d92665a4c3fcc1073b5f7727a3f9c,,
50|0300D|,2017,2021,2017: Indian Financing Act; 2021: Indian Incentive Program,DTRA Cyber Activities,era=0300D; modern=0300D,0/0,35379,,"R1: no era-side continuity evidence (title Jaccard 0.00); possible reused code — decide same_program, a range split, or exclude_reused_code",,,,e111c355d1efb4c385ba2afaa9cf916f7559b6c21bdfd03b0405210391b9688b,,
2930BB5777|2035A|,2017,2023,2017: JCSE Equipment (USREDCOM); 2018: JCSE Equipment (USREDCOM); 2019: JCSE Equipment (USREDCOM); 2020: JCSE Equipment (USRDECOM); 2021: JCSE Equipment (USRDECOM); 2022: JCSE Equipment (USRDECOM); 2023: JCSE Equipment (USRDECOM),JCSE Equipment (USRDECOM),era=2035A; modern=2035A,7/7,35225,same_program,"A1+A2: renamed within A2 (title Jaccard 0.50, continuity 7/7)",,,,5b576b5765d78ca892abcdae5915c4b90c546d1214b2588a070940d34f8b6098,,
NUDETS|3021F|,2017,2022,2017: NUDET Detection System; 2018: NUDET Detection System; 2019: NUDET Detection System; 2020: NUDET Detection System; 2021: NUDET Detection System; 2022: NUDET Detection System,3022F: NUDET Detection System,era=3021F; modern=3022F,5/5,33983,same_program,R2: account/organization move (modern accounts 3022F),,,,6f73256d661b9eb879166cadf3767442b333187bafe2085a0e2ff34b453e5775,,
6545|1109N|,2017,2023,2017: Family of Internally Transportable Veh (ITV); 2018: Family of Internally Transportable Veh (ITV); 2019: Family of Internally Transportable Veh (ITV); 2020: Ultra-Light Tactical Vehicle (ULTV); 2021: Ultra-Light Tactical Vehicle (ULTV); 2022: Ultra-Light Tactical Vehicle (ULTV); 2023: Ultra-Light Tactical Vehicle (ULTV),Ultra-Light Tactical Vehicle (ULTV),era=1109N; modern=1109N,6/7,31117,same_program,"A1+R1: renamed, continuity 6/7 holds (title Jaccard 0.00)",,,,140054b72f6b80cbf27ca2d739e689ca2748fd6a8370d27566d6090fb15e7c23,,
3302|1810N|,2017,2023,2017: JCS Communications Equipment; 2018: Joint Communications Support Element (JCSE); 2019: Joint Communications Support Element (JCSE); 2020: Joint Communications Support Element (JCSE); 2021: Joint Communications Support Element (JCSE); 2022: Joint Communications Support Element (JCSE); 2023: Joint Communications Support Element (JCSE),Joint Communications Support Element (JCSE),"era=1810N; modern=1507N,1810N",7/7,30355,same_program,"A1+R1: renamed, continuity 7/7 holds (title Jaccard 0.14)",1810N,N,,e689a03312520d04807452b027b257965ce34e4a6f3c616a640b947a90fcd39d,,
355990|3011F|,2017,2023,"2017: Items Less Than $5 Million; 2018: Items Less Than $5 Million; 2019: Items Less Than $5,000,000; 2020: Items Less Than $5,000,000; 2021: Items Less Than $5,000,000; 2022: Items Less Than $5,000,000; 2023: Items Less Than $5,000,000","Items Less Than $5,000,000",era=3011F; modern=3011F,7/7,27027,same_program,"A1+A2: renamed within A2 (title Jaccard 0.67, continuity 7/7)",,,,d854a93f42c22800dfb4529508b895390345f25b199778f7af820e5b5820c0e5,,
9692BZ8401|2035A|,2017,2023,2017: Joint Tactical Ground Station (JTAGS); 2018: Joint Tactical Ground Station (JTAGS); 2019: Joint Tactical Ground Station (JTAGS) (MIP); 2020: Joint Tactical Ground Station (JTAGS) (MIP); 2021: Joint Tactical Ground Station (JTAGS) (MIP); 2022: JOINT TACTICAL GROUND STATION (JTAGS)-INTEL; 2023: JOINT TACTICAL GROUND STATION (JTAGS)-INTEL,JOINT TACTICAL GROUND STATION (JTAGS)-INTEL,era=2035A; modern=2035A,6/7,24462,same_program,"A1+A2: renamed within A2 (title Jaccard 0.83, continuity 6/7)",,,,49a704dc2b5aba32eaadd57a610a49add7395b681ada62cd80aaa3e6a088f9ec,,
500|0300D|DCMA,2017,2022,2017: Major Equipment; 2018: Major Equipment; 2019: Major Equipment; 2020: Major Equipment; 2021: Major Equipment; 2022: Major Equipment,0300D/DHRA: Personnel Administration; 0300D/DLA: Major Equipment,era=0300D/DCMA; modern=0300D,5/5,21056,history_only,"R2: code also printed by DLA in PB2017, PB2018, PB2019, PB2020, PB2021, PB2022; page 500-DLA (title match) is DLA's",0300D,DCMA,,4b51859f41ffb3975c6e4421d1f647c75996b5b8b9bd73d525bf760db8ab6d92,,
GPSIII|3022F|,2021,2023,2021: GPS III Space Segment; 2022: GPS III Space Segment; 2023: GPS III Space Segment,3022F: GPS III Space Segment,era=3022F; modern=3022F,3/3,20122,same_program,R3+A1: the code's own account (3022F); also printed by no other account,,,,b002a112eabee0fd9e8a0ce5ae9077660e13b41df34bb696e69b9bdb4cb64ac6,,
40|0300D|,2019,2023,2019: Counter IED & Improvised Threat Technologies; 2020: Counter IED & Improvised Threat Technologies; 2021: Counter Improvised Threat Technologies; 2022: Counter Improvised Threat Technologies; 2023: Counter Improvised Threat Technologies,,era=0300D; modern=none,2/4,17864,history_only,H: era-only code whose titles drift — confirm one program (history_only) or split the range (exclude_reused_code),,,,422a2e3ce4502bf7299bf542c7d5bb3553b742e1fb9616c6291a3a316815e4a2,,
IBS000|3021F|,2019,2021,2019: INTEG BROADCAST SERV; 2020: Integ Broadcast Service; 2021: Integ Broadcast Service,,era=3021F; modern=none,2/2,16445,history_only,H: era-only code whose titles drift — confirm one program (history_only) or split the range (exclude_reused_code),,,,4f1c6bffc8b873955eb0274e994ca9f2fa4faa297747a9be670dc1ed98d96813,,
MILSAT|3022F|,2021,2023,2021: MILSATCOM; 2022: MILSATCOM; 2023: MILSATCOM,3022F: MILSATCOM,era=3022F; modern=3022F,3/3,15795,same_program,R3+A1: the code's own account (3022F); also printed by no other account,,,,b8ade802573f90ef11176d520b9b50623b94ffc1a43f014df419a1874f4b3b5f,,
834470|3080F|,2017,2023,2017: Defense Enterprise Accounting and Mgmt System; 2018: Defense Enterprise Accounting and Mgmt System; 2019: Defense Enterprise Accounting & Mgt Sys; 2020: Defense Enterprise Accounting & Mgt Sys; 2021: Defense Enterprise Accounting & Mgt Sys; 2022: Defense Enterprise Accounting & Mgt Sys; 2023: Defense Enterprise Accounting & Mgt Sys,Defense Enterprise Accounting & Mgt Sys,era=3080F; modern=3080F,7/7,14378,same_program,"A1+R1: renamed, continuity 7/7 holds (title Jaccard 0.38)",,,,ec53ab2b63fd2c8013aca3d11a08100e60c6402bdc5b4ed595d71acbb5e147e7,,
MC0MSE|3020F|,2017,2017,2017: Spaceborne Equip (COMSEC),3022F: Spaceborne Equip (Comsec),era=3020F; modern=3022F,0/0,13401,same_program,R2: account/organization move (modern accounts 3022F),,,,edb455e78ed87da39e9e24d458ad5f3a50f95536ba94e00816de23b4f8a082ee,,
20|0300D|DCAA,2017,2021,2017: Items Less Than $5 Million; 2018: Items Less Than $5 Million; 2019: Items Less Than $5 Million; 2020: Items Less Than $5 Million; 2021: Items Less Than $5 Million,0300D/DCSA: Major Equipment; 0300D/DTRA: Vehicles,era=0300D/DCAA; modern=0300D,3/4,13311,,"R2: account/organization move to several possible destinations (0300D/DCSA: Major Equipment; 0300D/DTRA: Vehicles) — decide which, if any, this line moved to",,,,ee541d2cb61252999a915e0194ecee06118c6377a975e269fef440b870eaac38,,
10|0300D|DPAA,2018,2018,"2018: Major Equipment, DPAA","0300D/TJS: Major Equipment, TJS",era=0300D/DPAA; modern=0300D,0/0,9100,history_only,R2: code also printed by TJS in PB2018; page 10 is TJS's,,,,8cb6471cbd60ac827dfc2f69119edc41e1beedf78a78dce2aaa81df1eadd9a97,,
30|0300D|DODEA,2017,2023,2017: Automation/Educational Support & Logistics; 2018: Automation/Educational Support & Logistics; 2019: Automation/Educational Support & Logistics; 2020: Automation/Educational Support & Logistics; 2021: Automation/Educational Support & Logistics; 2022: Automation/Educational Support & Logistics; 2023: Automation/Educational Support & Logistics,Automation/Educational Support & Logistics,era=0300D/DODEA; modern=0300D,7/7,8057,history_only,"A1: collision code with no PB2026 page for 0300D/DODEA — history_only (data only), or name the page it joins",0300D,DODEA,,78e3e69b154d9273a0bc8ba0ba4de7763cb8b6270a6afb05068109b1100c388e,,
GPSSPC|3021F|,2017,2021,2017: Global Postioning (Space); 2018: Global Postioning (Space); 2019: Global Postioning (Space); 2020: Global Postioning (Space); 2021: Global Postioning (Space),3022F: Global Postioning (Space),era=3021F; modern=3022F,4/4,8045,same_program,R2: account/organization move (modern accounts 3022F),,,,a021439555d64bee9e7e4b39d493ebe52d043e0159e2326d6cdc7c7ee439dd95,,
NUDETS|3022F|,2021,2023,2021: NUDET Detection System; 2022: NUDET Detection System; 2023: NUDET Detection System,3022F: NUDET Detection System,era=3022F; modern=3022F,3/3,6638,same_program,R3+A1: the code's own account (3022F); also printed by no other account,,,,eb32869319873d529e3a74db69576faf52b6566a76aba05c15d246fee32fb028,,
GNRLIT|3021F|,2019,2022,2019: General Information Tech - Space; 2020: General Information Tech - Space; 2021: General Information Tech - Space; 2022: General Information Tech - Space,3022F: General Information Tech - Space,era=3021F; modern=3022F,3/3,5669,same_program,R2: account/organization move (modern accounts 3022F),,,,2233b4239a55035956cf330a66c623099b4765349d9197112fe1203793960146,,
000042|3020F|,2017,2023,2017: Industr'l Preparedns/Pol Prevention; 2018: Industr'l Preparedns/Pol Prevention; 2019: Industr'l Preparedns/Pol Prevention; 2020: Industr'l Preparedns/Pol Prevention; 2021: Industr'l Preparedns/Pol Prevention; 2022: Industr'l Preparedns/Pol Prevention; 2023: Industr'l Preparedns/Pol Prevention,Industrial Preparedness/Pol Prevention,era=3020F; modern=3020F,7/7,4637,same_program,"R1: renamed, continuity 7/7 holds (title Jaccard 0.29)",,,,aa50e987a8e12269905afa8c2c2c54c87e772a58f8e9d0cef8fa902c3b51319c,,
20|0300D|DSS,2017,2020,2017: Major Equipment; 2018: Major Equipment; 2019: Major Equipment; 2020: Major Equipment,0300D/DCSA: Major Equipment; 0300D/DTRA: Vehicles,era=0300D/DSS; modern=0300D,3/3,4426,same_program,R2: account/organization move (modern accounts 0300D),0300D,DCSA,,61f56bb0d5c5133087f2fa76fdbb8c320d9e8a86f847f9897cd67c8db68eff27,,
GNRLIT|3022F|,2021,2023,2021: General Information Tech - Space; 2022: General Information Tech - Space; 2023: General Information Tech - Space,3022F: General Information Tech - Space,era=3022F; modern=3022F,3/3,3299,same_program,R3+A1: the code's own account (3022F); also printed by no other account,,,,5fed65c4fef95326647c69e682dd41761e72caf3ce914ea5c5803a73d2b76100,,
CAADJS|3021F|,2020,2021,2020: Cancelled Account; 2021: Cancelled Account,3020F: Cancelled Accounts,era=3021F; modern=3020F,0/1,3099,,"R2: account/organization move, but the code is 'Cancelled Accounts' in 3020F; decide same_program only if this line moved there",,,,dd942fe6d84be0e9832c422436c44504c5a04ece2b46653b4fd9c0f91c2c34cb,,
15|0300D|TJS,2020,2023,2020: Major Equipment - TJS Cyber; 2021: Major Equipment - TJS Cyber; 2022: Major Equipment - TJS Cyber; 2023: Major Equipment - TJS Cyber,0300D/DISA: Joint Forces Headquarters - DODIN,era=0300D/TJS; modern=0300D,3/3,2705,history_only,"R2: code also printed by DISA in PB2021, PB2022, PB2023; page 15 is DISA's",,,,edda725b602aec73c8a8dce7102ffac5c6b5551423355cdb57290332d3a63879,,
GPSSPC|3022F|,2021,2023,2021: Global Postioning (Space); 2022: Global Postioning (Space); 2023: Global Postioning (Space),3022F: Global Postioning (Space),era=3022F; modern=3022F,3/3,2256,same_program,R3+A1: the code's own account (3022F); also printed by no other account,,,,d642da703d9f03d2c8e0b8d4d89803c7caa643cfd6bf8a5a029eff6940e7da09,,
0300D22100|2035A|,2017,2022,2017: Heavy Armored Sedan; 2018: Heavy Armored Sedan; 2019: Heavy Armored Vehicle; 2020: Heavy Armored Vehicle; 2021: Heavy Armored Vehicle; 2022: Heavy Armored Vehicle,,era=2035A; modern=none,5/5,2244,history_only,H: era-only code whose titles drift — confirm one program (history_only) or split the range (exclude_reused_code),,,,c55a184631db023120f310a24e61458338bfc718e4c5aaff05e562b9344aead4,,
829100|3080F|,2017,2023,2017: Cancelled Account Adjustments; 2020: Cancelled Account Adjustments; 2021: Cancelled Account Adjustments; 2022: Cancelled Account Adjustments (Bpa; 2023: Cancelled Account Adjustments (Bpa,Cancelled Account Adjustments (Bpa,era=3080F; modern=3080F,3/4,1995,same_program,"A1+A2: renamed within A2 (title Jaccard 0.75, continuity 3/4)",,,,02e2c481a453f2d4423863102128ae0e415afec8670f1b424463962f6cca6e56,,
SSPARE|3022F|,2021,2023,2021: Spares and Repair Parts; 2022: Spares and Repair Parts; 2023: Spares and Repair Parts,3022F: Spares and Repair Parts,era=3022F; modern=3022F,3/3,1272,same_program,R3+A1: the code's own account (3022F); also printed by no other account,,,,95ee765ddf71cb5a8c23a9246f8a5f42b331b1899a6b391197f8035ca78a2559,,
CAADJS|3020F|,2017,2022,2017: Cancelled Account; 2018: Cancelled Account; 2021: Cancelled Account; 2022: Cancelled Accounts,3020F: Cancelled Accounts,era=3020F; modern=3020F,2/2,997,same_program,R3+A1+R1: the code's own account (3020F); also printed by no other account,,,,ef44ed5980eeeae325010597e81c62677bac9e65499f3c19ace4eb32fc84a090,,
1045|1611N|,2017,2023,2017: OHIO Replacement Submarine; 2018: OHIO Replacement Submarine; 2019: OHIO Replacement Submarine; 2020: OHIO Replacement Submarine; 2021: OHIO Replacement Submarine; 2022: OHIO Replacement Submarine; 2023: OHIO Replacement Submarine,1611N: COLUMBIA Class Submarine; 1612N: COLUMBIA Class Submarine,"era=1611N; modern=1611N,1612N",2/7,0,same_program,R3+A1: the code's own account (1611N); also printed by 1612N,,,,46120ba000c12199333face468e0d9f4c0f8d38be2e093ad218e175c4a16c0da,,
APT000|3010F|,2022,2023,2022: Advanced Trainer Replacement T-X; 2023: Advanced Trainer Replacement T-X,Advanced Pilot Training T-7A,era=3010F; modern=3010F,2/2,0,same_program,"R1: renamed, continuity 2/2 holds (title Jaccard 0.25)",,,,5af730fa883756a80ebbbd8a690edadb9af3fbadaaebbdb63ed9fd3adaa71bf5,,
H060WM|3010F|,2023,2023,2023: Combat Rescue Helicopter Modification,HH60W Modifications,era=3010F; modern=3010F,1/1,0,same_program,"R1: renamed, continuity 1/1 holds (title Jaccard 0.00)",,,,e098eadf304949f57caa85fe5d5c9ff1378e35185d62f4804f27bed867ccb6c9,,
PRDTB5|3010F|,2023,2023,2023: MQ9 Post Prod,MQ-9 Post Prod,era=3010F; modern=3010F,1/1,0,same_program,"R1: renamed, continuity 1/1 holds (title Jaccard 0.40)",,,,e76cd433e1c7d0095da24db8612eb4f2de3e73eb383886a1a5b83c021c842eff,,
