family_key,display_name,evidence,source_url,source_form,source_date,measured_on,note
RTX,RTX Corporation,sourced,https://www.sec.gov/Archives/edgar/data/101829/000119312523187728/d708798d8k.htm,8-K Item 5.03,2023-07-17,2026-09-01,"Won by 6.5% — $23.121B as RTX CORP over $21.607B as RAYTHEON COMPANY on the dominant member — so the site's #4 family is correctly titled by luck, and in a marginally different data window it would read RAYTHEON COMPANY. The registrant's own 8-K records the certificate of amendment effective 2023-07-17 that made the name RTX Corporation; RTX CORP is the award data's abbreviation of it. Sourced and pinned together: the label is right, and the near-tie is not allowed to decide it again."
USF HOLDING,US Foods Holding Corp.,measured,,,,2026-09-01,"Won by 2.6% — $0.531B as USF HOLDING CORP. over $0.517B as US FOODS HOLDING CORP. on the dominant member US FOODS INC. All 26 members are US Foods recipients, so the family's identity is not in doubt; only which of its own two holding-company registrations names it. USF Holding Corp. is the pre-IPO one: the dominant member last filed it in FY2022 and has filed US FOODS HOLDING CORP. in every year since, FY2023 through FY2026. Same shape as the flagship — the argmax picked a registration the registrant has stopped using."
NOVETTA SOLUTIONS,Accenture Federal Services LLC,measured,,,,2026-09-01,"Won by 5.5% — $1.957B as NOVETTA SOLUTIONS, LLC over $1.850B as ACCENTURE PUBLIC LIMITED COMPANY. The family's two largest members are both ACCENTURE FEDERAL SERVICES LLC UEIs and carry $4.893B of its $4.895B (99.9%); Novetta is a business Accenture Federal Services acquired, filed as though it were the parent. We name the recipient the money was obligated to. Nothing here asserts anything about Accenture plc's group structure — the family's own registrations disagree about that, listing ACCENTURE PUBLIC LIMITED COMPANY, ACCENTURE INC. and NOVETTA SOLUTIONS, LLC in different years."
MACANDREWS FORBES HOLDINGS,AM General LLC,measured,,,,2026-09-01,"Won by 6.8% — $2.386B as MACANDREWS & FORBES HOLDINGS INC. over $2.223B as KPS CAPITAL PARTNERS, LP. Two AM GENERAL LLC UEIs carry $7.130B of the family's $7.131B (99.98%); the other two members total under $1M. Both sides of the near-tie name an OWNER rather than the recipient, and they name different owners in different years: the dominant member filed MacAndrews & Forbes as parent only through FY2020, KPS Capital Partners FY2021-FY2024, and AM GENERAL LLC itself in FY2024-FY2026. The one name that is true across the whole decade is the recipient's."
FRANCISCO PARTNERS MANAGEMENT,Dell Marketing L.P.,measured,,,,2026-09-01,"Won by 4.8% — $3.439B as FRANCISCO PARTNERS MANAGEMENT, L.P. over $3.274B as DELL TECHNOLOGIES INC. DELL MARKETING L.P. carries $6.713B of the family's $6.859B (97.9%). We name the recipient the money was obligated to and assert nothing about who owns it, because the family's own registrations disagree: the dominant member filed DELL TECHNOLOGIES INC. through FY2024 and FRANCISCO PARTNERS MANAGEMENT, L.P. from FY2024 on. Not published as Dell Technologies Inc. either — a separate registry family already publishes $3.29B under that string, and one name on two rows is the defect this seed exists to avoid."
WICO,General Dynamics Ordnance & Tactical Systems,measured,,,,2026-09-01,"Won by 12.6% — $1.200B as WICO LIMITED over $1.049B as GENERAL DYNAMICS CORP. All five members are General Dynamics recipients, and the three GD Ordnance and Tactical Systems entities (GD OTS (Wilkes Barre), GD Ordnance & Tactical Systems Inc., St. Marks Powder) carry $3.274B of the family's $3.410B (96.0%). The runner-up registration is General Dynamics' own, so the near-tie is between a holding name and the group that actually holds the money. Not published as General Dynamics Corporation: a separate registry family publishes the corporation's $188.7B under that name."
DELOITTE TOUCHE TOHMATSU,Deloitte & Touche LLP,measured,,,,2026-09-01,"Won by 10.0% — $0.774B as DELOITTE TOUCHE TOHMATSU LIMITED over $0.697B as DELOITTE FINANCIAL ADVISORY SERVICES LLP. DELOITTE & TOUCHE LLP carries $1.898B of the family's $1.945B (97.6%). Deloitte Touche Tohmatsu Limited is the global umbrella entity, not the contracting party, and the sibling family whose label it nearly won instead is a DIFFERENT Deloitte US firm — these two families are the same organisation on both sides of its own coin flip. Naming each for the member firm that holds its money is the only labelling that keeps them distinguishable."
DELOITTE FINANCIAL ADVISORY SERVICES,Deloitte Consulting LLP,measured,,,,2026-09-01,"Won by 14.0% — $1.231B as DELOITTE FINANCIAL ADVISORY SERVICES LLP over $1.059B as DELOITTE TOUCHE TOHMATSU LIMITED. DELOITTE CONSULTING LLP carries $4.084B of the family's $4.100B (99.6%); the only other member is a $15M Deloitte Financial Advisory Services UEI. This is the other side of the DELOITTE TOUCHE TOHMATSU near-tie — see that row — and it is named the same way, for the member firm that holds its money."
BROWN ROOT INDUSTRIAL SERVICES HOLDINGS,"KBR Wyle Services, LLC",measured,,,,2026-09-24,"Won by 2.0% — $1.687B as BROWN & ROOT INDUSTRIAL SERVICES HOLDINGS, LLC over $1.653B as KBR, INC. on the dominant member KBR WYLE SERVICES, LLC (L693MQDFLKD1, $3.588B, 99.8%). Three KBR WYLE SERVICES, LLC UEIs carry all $3.597B of the family; the fourth member, BROWN & ROOT INDUSTRIAL SERVICES LLC, carries $0. The dominant member filed KBR, INC. as its parent FY2017-FY2024 and again in FY2026, and the Brown & Root holding name only in FY2024-FY2025; in FY2026 the same parent UEI (TGPKTMN8YL31) is filed under the name KBR WYLE SERVICES, LLC. Same shape as the flagship: the argmax picked a name the registrant has not filed in FY2026. We name the recipient the money was obligated to. Not published as KBR, Inc.: a separate registry family already publishes $16.68B under that string."
CONSIGLIO NAZIONALE DELLE RICERCHE,Marinette Marine Corporation,measured,,,,2026-09-24,"Won by 8.9% — $1.388B as CONSIGLIO NAZIONALE DELLE RICERCHE over $1.264B as SEGRETARIATO GENERALE DELLA PRESIDENZA DELLA REPUBBLICA on the dominant member MARINETTE MARINE CORPORATION (UZWBWJN3NLP3), which carries $3.059B of the family's $3.060B (99.98%) and is recorded in Marinette, WI on all 183 of its transactions. The other five members, FINCANTIERI MARINE GROUP LLC of Sturgeon Bay and four Italian public bodies and firms, total $605,044. Neither near-tie string is a plausible owner: they name Italy's national research council and the Italian presidency's general secretariat, and the council's parent UEI (JJMDKZCTCDD8) is also filed by Italian municipalities, a university, RAI Way and Trenitalia. The dominant member filed the council as its parent FY2017-FY2022, the secretariat on three UEIs FY2022-FY2025, and FINCANTIERI INFRASTRUCTURE S.P.A. in FY2026 on one of those same UEIs; FINCANTIERI MARINE GROUP HOLDINGS INC. appears only on three FY2023 transactions totalling $29,000. That is too thin and too inconsistent to name an owner by, so we name the recipient the money was obligated to, by the name it is registered under in every year FY2017-FY2026."
HIG CAPITAL MANAGEMENT,"HIG Capital Management, Inc.",pin,,,,2026-09-01,"Won by 2.2% — $1.010B as HIG CAPITAL MANAGEMENT, INC. over $0.988B as IRON BOW TECHNOLOGIES, LLC on the dominant member. PINNED, NOT RELABELLED: the label is right. The family's two real members are IRON BOW TECHNOLOGIES ($2.434B, 71.5%) and EMPOWER AI ($0.972B, 28.5%) — separate businesses whose only shared name is their owner's, so the registered parent is the only label that covers both. The row exists so that a 2.2% margin cannot silently retitle a $3.4B family after one of its two portfolio companies."
TESORO REFINING MARKETING,Tesoro Refining & Marketing Company LLC,pin,,,,2026-09-01,"Won by 9.3% — $0.889B as TESORO REFINING & MARKETING COMPANY LLC over $0.806B as TESORO CORPORATION. PINNED, NOT RELABELLED: the family has exactly one member and the label is that member's own registered name, so there is nothing to correct. The near-tie is against a former parent registration the member last filed in FY2019; the row keeps the label from flipping back to it."
S OIL,S-Oil Corporation,pin,,,,2026-09-01,"Won by 13.6% — and BOTH sides of the near-tie are the same string, S-OIL CORPORATION, filed under two different parent UEIs ($1.102B and $0.952B). S-OIL CORPORATION carries $3.670B of the family's $3.690B (99.5%). PINNED, NOT RELABELLED: there is no naming disagreement here at all, only a UEI split that the margin rule cannot tell apart from one. Recorded so the rule does not have to special-case it, and so a reviewer can see it was looked at."
TRANSDIGM GROUP,TransDigm Group Incorporated,pin,,,,2026-09-24,"Won by 2.4% — and BOTH sides of the near-tie are the same string, TRANSDIGM GROUP INCORPORATED, filed under two different parent UEIs ($0.381B on UAC2KLJM4XY1, $0.372B on EW85V83V4MT7) by the dominant member ARMTEC DEFENSE PRODUCTS CO. PINNED, NOT RELABELLED: all 51 members carry that registered parent name, on three parent UEIs, and the largest of them holds $0.862B (25.5%) of the family's $3.388B, so no member's own name could cover it. As with S OIL there is no naming disagreement here, only a UEI split the margin rule cannot tell apart from one; recorded so a reviewer can see it was looked at."
RAYTHEON,Raytheon Company,pin,,,,2026-09-24,"Won by 4.4% — $3.333B as RAYTHEON COMPANY over $3.186B as RTX CORP on the dominant member RAYTHEON COMPANY (HEBCLD22EJD1, $8.696B, 27.0%), with $2.177B as ROCKWELL COLLINS AUSTRALIA PTY LIMITED third. PINNED, NOT RELABELLED: 49 of the family's 66 members are registered as RAYTHEON COMPANY and hold $30.885B of its $32.250B (95.8%); 11 of the other 17 also carry a Raytheon name, the rest being four Nightwing UEIs, JPS Communications and Houston Associates. 56 members share parent UEI KLW3ZYL15493, itself a member registered as RAYTHEON COMPANY, so the winner is the recipients' own name. The dominant member filed RAYTHEON COMPANY as its parent FY2017-FY2020, RTX CORP in FY2020-FY2023 and FY2026, and the Rockwell registration that once titled the ROCKWELL COLLINS AUSTRALIA family mostly in FY2023-FY2025. Pinned so a shifting margin cannot retitle it RTX CORP, the registry string of the separate family that publishes $221.69B as RTX Corporation."
SERCO,Serco Inc,pin,,,,2026-09-24,"Won by 9.1% — $2.952B as SERCO INC over $2.682B as SERCO GROUP PLC on the dominant member SERCO INC (DKJ1R5ABCN48, $5.634B, 94.7%). PINNED, NOT RELABELLED: both members are Serco Inc registrations, SERCO INC and SERCO INC. ($0.318B), and the winner is the dominant member's own name and the only parent it has filed since FY2024; it filed SERCO GROUP PLC FY2017-FY2023. The group's other units (Serco-IPS, Serco Limited, Serco Services) now sit in a separate SERCO GROUP family outside the published 200, whose Serco Group PLC pin was retired with it, so the US company is the name that covers this family. Pinned so a shifting margin cannot swap it back to the group parent."
VERITAS CAPITAL FUND MANAGEMENT,"Veritas Capital Fund Management, L.L.C.",pin,,,,2026-09-24,"Won by 11.8% — $1.133B as VERITAS CAPITAL FUND MANAGEMENT, L.L.C. over $0.999B as PERATON INC., the dominant member's own UEI (ZBPQEJVECCT4, $2.373B, 55.5%). PINNED, NOT RELABELLED, on the HIG CAPITAL MANAGEMENT reasoning: 11 Peraton-named UEIs hold $3.927B of the family's $4.273B (91.9%), but the other seven members, ANALEX CORPORATION ($0.294B), QWK Integrated Solutions, QinetiQ Limited, OnSolve, SWN Communications, Westar Display Technologies and Aptim Radiological Services ($0.347B together), share only the Veritas parent name, four of them on other Veritas parent UEIs. The registered owner is the only label that covers every member; Peraton Inc. would put $0.347B of other businesses under a name that is not theirs, beside the separate PERATON SOLUTIONS family already published at $7.90B. The dominant member filed Veritas as its parent FY2017-FY2024, itself FY2024-FY2026, and a second Veritas UEI (QD34AGJ37D53) in FY2026 ($0.175B), so it has not stopped filing the Veritas name."
