lda_client_name,family_key,note
Peraton Inc.,PERATON SOLUTIONS,Peraton Inc. is the operating company; Peraton Solutions Inc. is a sibling subsidiary of the same Veritas-owned Peraton parent
"Leonardo DRS, Inc.",LEONARDO SPA,Leonardo DRS is the US subsidiary of Leonardo S.p.A.
Rolls-Royce North America Inc.,ROLLS ROYCE HOLDINGS,Rolls-Royce North America is the US subsidiary of Rolls-Royce Holdings plc
"BP America, Inc.",BP,BP America is the US subsidiary of BP p.l.c.
"V2X, Inc.",VECTRUS,Vectrus merged with Vertex to form V2X Inc. in July 2022
Booz Allen Hamilton Inc.,BOOZ ALLEN HAMILTON HOLDING,LDA clients file as the operating company Booz Allen Hamilton (Inc.); the family key is the public holding corporation. Norm also covers the bare and comma variants.
"Atlantic Diving Supply, Inc.",ADS TACTICAL,Atlantic Diving Supply (ADS Inc. of Virginia Beach) is the operating subsidiary of ADS Tactical Inc.; UEI-grounded — ATLANTIC DIVING SUPPLY is a recipient_name in entity_xwalk for this family
"Atlantic Diving Supply, Inc. (ADS)",ADS TACTICAL,Client-name variant; normalizes identically to 'Atlantic Diving Supply Inc. (ADS Inc.)' so one row covers both parenthetical spellings
"V2X, Inc. (formerly known as Vertex Aerospace)",VERTEX AEROSPACE SERVICES,Registrants renamed the former Vertex Aerospace client to this after the July 2022 V2X merger; distinct normalized string from plain 'V2X Inc.' which stays attributed to VECTRUS
"Shell USA, Inc.",SHELL EXPLORATION PRODUCTION,Shell USA (fka Shell Oil Company) is the US parent that files LDA; Shell Exploration & Production Company is its subsidiary (same pattern as BP America → BP)
"Shell USA, Inc. (fka Shell Oil Company)",SHELL EXPLORATION PRODUCTION,Client-name variant used by several registrants after the 2022 Shell Oil Company rename
RTX CORPORATION AND AFFILIATES,RTX,"ROADMAP #142. RTX's own name for itself in the Senate LDA record: RTX files its in-house reports with registrant AND client ""RTX CORPORATION AND AFFILIATES"" (12 self-filed reports 2024-2026 in lda_filings.parquet: 10 quarterly reports plus 2 amendments, 1A for 2024 Q1 and 4A for 2025 Q4, each quarter counted once from its amendment under ruling R-DEC-AMEND; e.g. https://lda.gov/filings/public/filing/11136700-919d-4e0f-ab60-5bfa13f26617/print/), and RTX Corporation is the legal name of SEC registrant CIK 101829 since 2023-07-17 (8-K Item 5.03 — the sourced rename row in data-seeds/entity_family_events.csv). Measured read-only 2026-09-25: 71 filings under this client string, 849 program-mention rows in that day's lda_program_mentions.parquet (before the #176 rematch)"
RTX CORP AND AFFILIATES,RTX,"ROADMAP #142. Client-name variant of RTX CORPORATION AND AFFILIATES filed by an outside registrant (3 filings, 2026, measured read-only 2026-09-25); normalizes to a distinct string, so it needs its own row"
RTX CORPORATION AND AFFILIATES (FKARAYTHEON TECHNOLOGIES CORPORATION),RTX,"ROADMAP #142. Client-name variant as the registrant typed it (no space after FKA): RTX Corporation formerly Raytheon Technologies Corporation, the 2023-07-17 rename of SEC registrant CIK 101829 (11 filings 2024-2026, measured read-only 2026-09-25)"
